ONIMI,OKOOD,MNIMI,MKOOD,Country,NUTS3,NUTS3Name,LAU1Code,LAU1Name,LAU2Code,LAU2Name,NatLAU2,NatLAU1,Pos,Total,Ratio,RatioCorr
Aegviidu vald,0112,Harju maakond,0037,EE,EE001,P§hja-Eesti,EE0010037,Harju maakond,EE00100370112,Aegviidu vald,0112,0037,0,14,0,0
Anija vald,0140,Harju maakond,0037,EE,EE001,P§hja-Eesti,EE0010037,Harju maakond,EE00100370140,Anija vald,0140,0037,5,132,0.0378787879,0.0378787879
Harku vald,0198,Harju maakond,0037,EE,EE001,P§hja-Eesti,EE0010037,Harju maakond,EE00100370198,Harku vald,0198,0037,0,78,0,0
J§elõhtme vald,0245,Harju maakond,0037,EE,EE001,P§hja-Eesti,EE0010037,Harju maakond,EE00100370245,J§elõhtme vald,0245,0037,0,0,0,-9999
Keila vald,0295,Harju maakond,0037,EE,EE001,P§hja-Eesti,EE0010037,Harju maakond,EE00100370295,Keila vald,0295,0037,0,118,0,0
Keila linn,0296,Harju maakond,0037,EE,EE001,P§hja-Eesti,EE0010037,Harju maakond,EE00100370296,Keila linn,0296,0037,0,0,0,-9999
Kernu vald,0297,Harju maakond,0037,EE,EE001,P§hja-Eesti,EE0010037,Harju maakond,EE00100370297,Kernu vald,0297,0037,0,32,0,0
Kiili vald,0304,Harju maakond,0037,EE,EE001,P§hja-Eesti,EE0010037,Harju maakond,EE00100370304,Kiili vald,0304,0037,0,0,0,-9999
Kose vald,0338,Harju maakond,0037,EE,EE001,P§hja-Eesti,EE0010037,Harju maakond,EE00100370338,Kose vald,0338,0037,0,358,0,0
Kuusalu vald,0353,Harju maakond,0037,EE,EE001,P§hja-Eesti,EE0010037,Harju maakond,EE00100370353,Kuusalu vald,0353,0037,0,40,0,0
Loksa linn,0424,Harju maakond,0037,EE,EE001,P§hja-Eesti,EE0010037,Harju maakond,EE00100370424,Loksa linn,0424,0037,0,0,0,-9999
Maardu linn,0446,Harju maakond,0037,EE,EE001,P§hja-Eesti,EE0010037,Harju maakond,EE00100370446,Maardu linn,0446,0037,0,0,0,-9999
Nissi vald,0518,Harju maakond,0037,EE,EE001,P§hja-Eesti,EE0010037,Harju maakond,EE00100370518,Nissi vald,0518,0037,0,100,0,0
Padise vald,0562,Harju maakond,0037,EE,EE001,P§hja-Eesti,EE0010037,Harju maakond,EE00100370562,Padise vald,0562,0037,0,42,0,0
Paldiski linn,0580,Harju maakond,0037,EE,EE001,P§hja-Eesti,EE0010037,Harju maakond,EE00100370580,Paldiski linn,0580,0037,0,0,0,-9999
Raasiku vald,0651,Harju maakond,0037,EE,EE001,P§hja-Eesti,EE0010037,Harju maakond,EE00100370651,Raasiku vald,0651,0037,0,4,0,0
Rae vald,0653,Harju maakond,0037,EE,EE001,P§hja-Eesti,EE0010037,Harju maakond,EE00100370653,Rae vald,0653,0037,0,8,0,0
Saku vald,0718,Harju maakond,0037,EE,EE001,P§hja-Eesti,EE0010037,Harju maakond,EE00100370718,Saku vald,0718,0037,0,0,0,-9999
Saue vald,0727,Harju maakond,0037,EE,EE001,P§hja-Eesti,EE0010037,Harju maakond,EE00100370727,Saue vald,0727,0037,0,0,0,-9999
Saue linn,0728,Harju maakond,0037,EE,EE001,P§hja-Eesti,EE0010037,Harju maakond,EE00100370728,Saue linn,0728,0037,0,0,0,-9999
Tallinn,0784,Harju maakond,0037,EE,EE001,P§hja-Eesti,EE0010037,Harju maakond,EE00100370784,Tallinn,0784,0037,0,0,0,-9999
Vasalemma vald,0868,Harju maakond,0037,EE,EE001,P§hja-Eesti,EE0010037,Harju maakond,EE00100370868,Vasalemma vald,0868,0037,0,4,0,0
Viimsi vald,0890,Harju maakond,0037,EE,EE001,P§hja-Eesti,EE0010037,Harju maakond,EE00100370890,Viimsi vald,0890,0037,0,0,0,-9999
Emmaste vald,0175,Hiiu maakond,0039,EE,EE004,Lõõne-Eesti,EE0040039,Hiiu maakond,EE00400390175,Emmaste vald,0175,0039,0,1,0,0
Hiiu vald,0204,Hiiu maakond,0039,EE,EE004,Lõõne-Eesti,EE0040039,Hiiu maakond,EE00400390204,Hiiu,0204,0039,0,0,0,-9999
Kõina vald,0368,Hiiu maakond,0039,EE,EE004,Lõõne-Eesti,EE0040039,Hiiu maakond,EE00400390368,Kaina vald,0368,0039,0,0,0,-9999
P³halepa vald,0639,Hiiu maakond,0039,EE,EE004,Lõõne-Eesti,EE0040039,Hiiu maakond,EE00400390639,P³halepa vald,0639,0039,0,0,0,-9999
Haapsalu linn,0183,Lõõne maakond,0057,EE,EE004,Lõõne-Eesti,EE0040057,Laane maakond,EE00400570183,Haapsalu linn,0183,0057,0,0,0,-9999
Hanila vald,0195,Lõõne maakond,0057,EE,EE004,Lõõne-Eesti,EE0040057,Laane maakond,EE00400570195,Hanila vald,0195,0057,0,38,0,0
Kullamaa vald,0342,Lõõne maakond,0057,EE,EE004,Lõõne-Eesti,EE0040057,Laane maakond,EE00400570342,Kullamaa vald,0342,0057,0,59,0,0
Lihula vald,0411,Lõõne maakond,0057,EE,EE004,Lõõne-Eesti,EE0040057,Laane maakond,EE00400570411,Lihula vald,0411,0057,0,8,0,0
Lõõne-Nigula vald,0436,Lõõne maakond,0057,EE,EE004,Lõõne-Eesti,EE0040057,Laane maakond,EE00400570436,Lõõne-Nigula,0436,0057,0,90,0,0
Martna vald,0452,Lõõne maakond,0057,EE,EE004,Lõõne-Eesti,EE0040057,Laane maakond,EE00400570452,Martna vald,0452,0057,0,110,0,0
Noarootsi vald,0520,Lõõne maakond,0057,EE,EE004,Lõõne-Eesti,EE0040057,Laane maakond,EE00400570520,Noarootsi vald,0520,0057,0,38,0,0
N§va vald,0531,Lõõne maakond,0057,EE,EE004,Lõõne-Eesti,EE0040057,Laane maakond,EE00400570531,N§va vald,0531,0057,0,24,0,0
Ridala vald,0674,Lõõne maakond,0057,EE,EE004,Lõõne-Eesti,EE0040057,Laane maakond,EE00400570674,Ridala vald,0674,0057,0,22,0,0
Vormsi vald,0907,Lõõne maakond,0057,EE,EE004,Lõõne-Eesti,EE0040057,Laane maakond,EE00400570907,Vormsi vald,0907,0057,0,55,0,0
Are vald,0149,Põrnu maakond,0067,EE,EE004,Lõõne-Eesti,EE0040067,Parnu maakond,EE00400670149,Are vald,0149,0067,0,6,0,0
Audru vald,0160,Põrnu maakond,0067,EE,EE004,Lõõne-Eesti,EE0040067,Parnu maakond,EE00400670160,Audru vald,0160,0067,0,58,0,0
Halinga vald,0188,Põrnu maakond,0067,EE,EE004,Lõõne-Eesti,EE0040067,Parnu maakond,EE00400670188,Halinga vald,0188,0067,0,36,0,0
Hõõdemeeste vald,0213,Põrnu maakond,0067,EE,EE004,Lõõne-Eesti,EE0040067,Parnu maakond,EE00400670213,Hõõdemeeste vald,0213,0067,4,109,0.0366972477,0.0366972477
Kihnu vald,0303,Põrnu maakond,0067,EE,EE004,Lõõne-Eesti,EE0040067,Parnu maakond,EE00400670303,Kihnu vald,0303,0067,0,0,0,-9999
Koonga vald,0334,Põrnu maakond,0067,EE,EE004,Lõõne-Eesti,EE0040067,Parnu maakond,EE00400670334,Koonga vald,0334,0067,0,122,0,0
Paikuse vald,0568,Põrnu maakond,0067,EE,EE004,Lõõne-Eesti,EE0040067,Parnu maakond,EE00400670568,Paikuse vald,0568,0067,0,10,0,0
Põrnu linn,0625,Põrnu maakond,0067,EE,EE004,Lõõne-Eesti,EE0040067,Parnu maakond,EE00400670625,Põrnu linn,0625,0067,0,0,0,-9999
Saarde vald,0710,Põrnu maakond,0067,EE,EE004,Lõõne-Eesti,EE0040067,Parnu maakond,EE00400670710,Saarde vald,0710,0067,10,267,0.0374531835,0.0374531835
Sauga vald,0730,Põrnu maakond,0067,EE,EE004,Lõõne-Eesti,EE0040067,Parnu maakond,EE00400670730,Sauga vald,0730,0067,0,0,0,-9999
Sindi linn,0741,Põrnu maakond,0067,EE,EE004,Lõõne-Eesti,EE0040067,Parnu maakond,EE00400670741,Sindi linn,0741,0067,0,0,0,-9999
Surju vald,0756,Põrnu maakond,0067,EE,EE004,Lõõne-Eesti,EE0040067,Parnu maakond,EE00400670756,Surju vald,0756,0067,5,81,0.0617283951,0.0617283951
Tootsi vald,0805,Põrnu maakond,0067,EE,EE004,Lõõne-Eesti,EE0040067,Parnu maakond,EE00400670805,Tootsi vald,0805,0067,0,0,0,-9999
Tori vald,0808,Põrnu maakond,0067,EE,EE004,Lõõne-Eesti,EE0040067,Parnu maakond,EE00400670808,Tori vald,0808,0067,0,22,0,0
T§stamaa vald,0826,Põrnu maakond,0067,EE,EE004,Lõõne-Eesti,EE0040067,Parnu maakond,EE00400670826,T§stamaa vald,0826,0067,0,28,0,0
Tahkuranna vald,0848,Põrnu maakond,0067,EE,EE004,Lõõne-Eesti,EE0040067,Parnu maakond,EE00400670848,Tahkuranna vald,0848,0067,0,10,0,0
Varbla vald,0863,Põrnu maakond,0067,EE,EE004,Lõõne-Eesti,EE0040067,Parnu maakond,EE00400670863,Varbla vald,0863,0067,0,34,0,0
Võndra vald,0929,Põrnu maakond,0067,EE,EE004,Lõõne-Eesti,EE0040067,Parnu maakond,EE00400670929,Võndra vald,0929,0067,7,170,0.0411764706,0.0411764706
Võndra vald (alev),0931,Põrnu maakond,0067,EE,EE004,Lõõne-Eesti,EE0040067,Parnu maakond,EE00400670931,Võndra vald (alev),0931,0067,0,0,0,-9999
Kihelkonna vald,0301,Saare maakond,0074,EE,EE004,Lõõne-Eesti,EE0040074,Saare maakond,EE00400740301,Kihelkonna vald,0301,0074,0,0,0,-9999
Kuressaare linn,0349,Saare maakond,0074,EE,EE004,Lõõne-Eesti,EE0040074,Saare maakond,EE00400740349,Kuressaare linn,0349,0074,0,0,0,-9999
Laimjala vald,0386,Saare maakond,0074,EE,EE004,Lõõne-Eesti,EE0040074,Saare maakond,EE00400740386,Laimjala vald,0386,0074,0,0,0,-9999
Leisi vald,0403,Saare maakond,0074,EE,EE004,Lõõne-Eesti,EE0040074,Saare maakond,EE00400740403,Leisi vald,0403,0074,0,0,0,-9999
Lõõne-Saare vald,0433,Saare maakond,0074,EE,EE004,Lõõne-Eesti,EE0040074,Saare maakond,EE00400740433,Lõõne-Saare vald,0433,0074,0,0,0,-9999
Muhu vald,0478,Saare maakond,0074,EE,EE004,Lõõne-Eesti,EE0040074,Saare maakond,EE00400740478,Muhu vald,0478,0074,0,6,0,0
Mustjala vald,0483,Saare maakond,0074,EE,EE004,Lõõne-Eesti,EE0040074,Saare maakond,EE00400740483,Mustjala vald,0483,0074,0,0,0,-9999
Orissaare vald,0550,Saare maakond,0074,EE,EE004,Lõõne-Eesti,EE0040074,Saare maakond,EE00400740550,Orissaare vald,0550,0074,0,0,0,-9999
Pihtla vald,0592,Saare maakond,0074,EE,EE004,Lõõne-Eesti,EE0040074,Saare maakond,EE00400740592,Pihtla vald,0592,0074,0,0,0,-9999
P÷ide vald,0634,Saare maakond,0074,EE,EE004,Lõõne-Eesti,EE0040074,Saare maakond,EE00400740634,P÷ide vald,0634,0074,0,2,0,0
Ruhnu vald,0689,Saare maakond,0074,EE,EE004,Lõõne-Eesti,EE0040074,Saare maakond,EE00400740689,Ruhnu vald,0689,0074,0,0,0,-9999
Salme vald,0721,Saare maakond,0074,EE,EE004,Lõõne-Eesti,EE0040074,Saare maakond,EE00400740721,Salme vald,0721,0074,0,2,0,0
Torgu vald,0807,Saare maakond,0074,EE,EE004,Lõõne-Eesti,EE0040074,Saare maakond,EE00400740807,Torgu vald,0807,0074,0,0,0,-9999
Valjala vald,0858,Saare maakond,0074,EE,EE004,Lõõne-Eesti,EE0040074,Saare maakond,EE00400740858,Valjala vald,0858,0074,0,0,0,-9999
Albu vald,0129,Jõrva maakond,0051,EE,EE006,Kesk-Eesti,EE0060051,Jarva maakond,EE00600510129,Albu vald,0129,0051,0,26,0,0
Ambla vald,0134,Jõrva maakond,0051,EE,EE006,Kesk-Eesti,EE0060051,Jarva maakond,EE00600510134,Ambla vald,0134,0051,8,64,0.125,0.125
Imavere vald,0234,Jõrva maakond,0051,EE,EE006,Kesk-Eesti,EE0060051,Jarva maakond,EE00600510234,Imavere vald,0234,0051,5,161,0.0310559006,0.0310559006
Jõrva-Jaani vald,0257,Jõrva maakond,0051,EE,EE006,Kesk-Eesti,EE0060051,Jarva maakond,EE00600510257,Jarva-Jaani vald,0257,0051,4,41,0.0975609756,0.0975609756
Kareda vald,0288,Jõrva maakond,0051,EE,EE006,Kesk-Eesti,EE0060051,Jarva maakond,EE00600510288,Kareda vald,0288,0051,2,12,0.1666666667,0.1666666667
Koeru vald,0314,Jõrva maakond,0051,EE,EE006,Kesk-Eesti,EE0060051,Jarva maakond,EE00600510314,Koeru vald,0314,0051,3,18,0.1666666667,0.1666666667
Koigi vald,0325,Jõrva maakond,0051,EE,EE006,Kesk-Eesti,EE0060051,Jarva maakond,EE00600510325,Koigi vald,0325,0051,15,97,0.1546391753,0.1546391753
Paide vald,0565,Jõrva maakond,0051,EE,EE006,Kesk-Eesti,EE0060051,Jarva maakond,EE00600510565,Paide vald,0565,0051,2,100,0.02,0.02
Paide linn,0566,Jõrva maakond,0051,EE,EE006,Kesk-Eesti,EE0060051,Jarva maakond,EE00600510566,Paide linn,0566,0051,0,6,0,0
Roosna-Alliku vald,0684,Jõrva maakond,0051,EE,EE006,Kesk-Eesti,EE0060051,Jarva maakond,EE00600510684,Roosna-Alliku vald,0684,0051,5,59,0.0847457627,0.0847457627
T³ri vald,0835,Jõrva maakond,0051,EE,EE006,Kesk-Eesti,EE0060051,Jarva maakond,EE00600510835,T³ri vald,0835,0051,8,225,0.0355555556,0.0355555556
Võõtsa vald,0937,Jõrva maakond,0051,EE,EE006,Kesk-Eesti,EE0060051,Jarva maakond,EE00600510937,Võõtsa vald,0937,0051,0,194,0,0
Haljala vald,0190,Lõõne-Viru maakond,0059,EE,EE006,Kesk-Eesti,EE0060059,Laane-Viru maakond,EE00600590190,Haljala vald,0190,0059,0,2,0,0
Kadrina vald,0272,Lõõne-Viru maakond,0059,EE,EE006,Kesk-Eesti,EE0060059,Laane-Viru maakond,EE00600590272,Kadrina vald,0272,0059,1,188,0.0053191489,0.0053191489
Kunda linn,0345,Lõõne-Viru maakond,0059,EE,EE006,Kesk-Eesti,EE0060059,Laane-Viru maakond,EE00600590345,Kunda linn,0345,0059,0,0,0,-9999
Laekvere vald,0381,Lõõne-Viru maakond,0059,EE,EE006,Kesk-Eesti,EE0060059,Laane-Viru maakond,EE00600590381,Laekvere vald,0381,0059,6,140,0.0428571429,0.0428571429
Rakke vald,0660,Lõõne-Viru maakond,0059,EE,EE006,Kesk-Eesti,EE0060059,Laane-Viru maakond,EE00600590660,Rakke vald,0660,0059,6,64,0.09375,0.09375
Rakvere vald,0662,Lõõne-Viru maakond,0059,EE,EE006,Kesk-Eesti,EE0060059,Laane-Viru maakond,EE00600590662,Rakvere vald,0662,0059,0,56,0,0
Rakvere linn,0663,Lõõne-Viru maakond,0059,EE,EE006,Kesk-Eesti,EE0060059,Laane-Viru maakond,EE00600590663,Rakvere linn,0663,0059,0,0,0,-9999
Rõgavere vald,0702,Lõõne-Viru maakond,0059,EE,EE006,Kesk-Eesti,EE0060059,Laane-Viru maakond,EE00600590702,Rõgavere vald,0702,0059,0,132,0,0
S§meru vald,0770,Lõõne-Viru maakond,0059,EE,EE006,Kesk-Eesti,EE0060059,Laane-Viru maakond,EE00600590770,S§meru vald,0770,0059,0,12,0,0
Tamsalu vald,0786,Lõõne-Viru maakond,0059,EE,EE006,Kesk-Eesti,EE0060059,Laane-Viru maakond,EE00600590786,Tamsalu vald,0786,0059,21,346,0.0606936416,0.0606936416
Tapa vald,0790,Lõõne-Viru maakond,0059,EE,EE006,Kesk-Eesti,EE0060059,Laane-Viru maakond,EE00600590790,Tapa vald,0790,0059,8,128,0.0625,0.0625
Vihula vald,0887,Lõõne-Viru maakond,0059,EE,EE006,Kesk-Eesti,EE0060059,Laane-Viru maakond,EE00600590887,Vihula vald,0887,0059,0,40,0,0
Vinni vald,0900,Lõõne-Viru maakond,0059,EE,EE006,Kesk-Eesti,EE0060059,Laane-Viru maakond,EE00600590900,Vinni vald,0900,0059,7,185,0.0378378378,0.0378378378
Viru-Nigula vald,0902,Lõõne-Viru maakond,0059,EE,EE006,Kesk-Eesti,EE0060059,Laane-Viru maakond,EE00600590902,Viru-Nigula vald,0902,0059,0,64,0,0
Võike-Maarja vald,0926,Lõõne-Viru maakond,0059,EE,EE006,Kesk-Eesti,EE0060059,Laane-Viru maakond,EE00600590926,Võike-Maarja vald,0926,0059,20,228,0.0877192982,0.0877192982
Juuru vald,0240,Rapla maakond,0070,EE,EE006,Kesk-Eesti,EE0060070,Rapla maakond,EE00600700240,Juuru vald,0240,0070,0,171,0,0
Jõrvakandi vald,0260,Rapla maakond,0070,EE,EE006,Kesk-Eesti,EE0060070,Rapla maakond,EE00600700260,Jõrvakandi vald,0260,0070,0,10,0,0
Kaiu vald,0277,Rapla maakond,0070,EE,EE006,Kesk-Eesti,EE0060070,Rapla maakond,EE00600700277,Kaiu vald,0277,0070,0,331,0,0
Kehtna vald,0292,Rapla maakond,0070,EE,EE006,Kesk-Eesti,EE0060070,Rapla maakond,EE00600700292,Kehtna vald,0292,0070,5,360,0.0138888889,0.0138888889
Kohila vald,0317,Rapla maakond,0070,EE,EE006,Kesk-Eesti,EE0060070,Rapla maakond,EE00600700317,Kohila vald,0317,0070,0,93,0,0
Kõru vald,0375,Rapla maakond,0070,EE,EE006,Kesk-Eesti,EE0060070,Rapla maakond,EE00600700375,Kõru vald,0375,0070,5,282,0.0177304965,0.0177304965
Mõrjamaa vald,0504,Rapla maakond,0070,EE,EE006,Kesk-Eesti,EE0060070,Rapla maakond,EE00600700504,Mõrjamaa vald,0504,0070,0,678,0,0
Raikk³la vald,0654,Rapla maakond,0070,EE,EE006,Kesk-Eesti,EE0060070,Rapla maakond,EE00600700654,Raikkula vald,0654,0070,2,168,0.0119047619,0.0119047619
Rapla vald,0669,Rapla maakond,0070,EE,EE006,Kesk-Eesti,EE0060070,Rapla maakond,EE00600700669,Rapla vald,0669,0070,0,195,0,0
Vigala vald,0884,Rapla maakond,0070,EE,EE006,Kesk-Eesti,EE0060070,Rapla maakond,EE00600700884,Vigala vald,0884,0070,0,92,0,0
Alaj§e vald,0122,Ida-Viru maakond,0044,EE,EE007,Kirde-Eesti,EE0070044,Ida-Viru maakond,EE00700440122,Alaj§e vald,0122,0044,4,6,0.6666666667,0.6666666667
Aseri vald,0154,Ida-Viru maakond,0044,EE,EE007,Kirde-Eesti,EE0070044,Ida-Viru maakond,EE00700440154,Aseri vald,0154,0044,0,0,0,-9999
Avinurme vald,0164,Ida-Viru maakond,0044,EE,EE007,Kirde-Eesti,EE0070044,Ida-Viru maakond,EE00700440164,Avinurme vald,0164,0044,1,50,0.02,0.02
Iisaku vald,0224,Ida-Viru maakond,0044,EE,EE007,Kirde-Eesti,EE0070044,Ida-Viru maakond,EE00700440224,Iisaku vald,0224,0044,0,56,0,0
Illuka vald,0229,Ida-Viru maakond,0044,EE,EE007,Kirde-Eesti,EE0070044,Ida-Viru maakond,EE00700440229,Illuka vald,0229,0044,1,32,0.03125,0.03125
J§hvi vald,0251,Ida-Viru maakond,0044,EE,EE007,Kirde-Eesti,EE0070044,Ida-Viru maakond,EE00700440251,J§hvi vad,0251,0044,0,4,0,0
Kivi§li linn,0309,Ida-Viru maakond,0044,EE,EE007,Kirde-Eesti,EE0070044,Ida-Viru maakond,EE00700440309,Kivi§li linn,0309,0044,0,0,0,-9999
Kohtla vald,0320,Ida-Viru maakond,0044,EE,EE007,Kirde-Eesti,EE0070044,Ida-Viru maakond,EE00700440320,Kohtla vald,0320,0044,0,25,0,0
Kohtla-Jõrve linn,0322,Ida-Viru maakond,0044,EE,EE007,Kirde-Eesti,EE0070044,Ida-Viru maakond,EE00700440322,Kohtla-Jõrve linn,0322,0044,0,0,0,-9999
Kohtla-N§mme vald,0323,Ida-Viru maakond,0044,EE,EE007,Kirde-Eesti,EE0070044,Ida-Viru maakond,EE00700440323,Kohtla-N§mme vald,0323,0044,0,0,0,-9999
Lohusuu vald,0420,Ida-Viru maakond,0044,EE,EE007,Kirde-Eesti,EE0070044,Ida-Viru maakond,EE00700440420,Lohusuu vald,0420,0044,4,20,0.2,0.2
L³ganuse vald,0438,Ida-Viru maakond,0044,EE,EE007,Kirde-Eesti,EE0070044,Ida-Viru maakond,EE00700440438,L³ganuse vald,0438,0044,1,64,0.015625,0.015625
Mõetaguse vald,0498,Ida-Viru maakond,0044,EE,EE007,Kirde-Eesti,EE0070044,Ida-Viru maakond,EE00700440498,Mõetaguse vald,0498,0044,2,75,0.0266666667,0.0266666667
Narva linn,0511,Ida-Viru maakond,0044,EE,EE007,Kirde-Eesti,EE0070044,Ida-Viru maakond,EE00700440511,Narva linn,0511,0044,0,0,0,-9999
Narva-J§esuu linn,0513,Ida-Viru maakond,0044,EE,EE007,Kirde-Eesti,EE0070044,Ida-Viru maakond,EE00700440513,Narva-J§esuu linn,0513,0044,0,0,0,-9999
Sillamõe linn,0735,Ida-Viru maakond,0044,EE,EE007,Kirde-Eesti,EE0070044,Ida-Viru maakond,EE00700440735,Sillamõe linn,0735,0044,0,0,0,-9999
Sonda vald,0751,Ida-Viru maakond,0044,EE,EE007,Kirde-Eesti,EE0070044,Ida-Viru maakond,EE00700440751,Sonda vald,0751,0044,0,146,0,0
Toila vald,0802,Ida-Viru maakond,0044,EE,EE007,Kirde-Eesti,EE0070044,Ida-Viru maakond,EE00700440802,Toila vald,0802,0044,0,72,0,0
Tudulinna vald,0815,Ida-Viru maakond,0044,EE,EE007,Kirde-Eesti,EE0070044,Ida-Viru maakond,EE00700440815,Tudulinna vald,0815,0044,1,80,0.0125,0.0125
Vaivara vald,0851,Ida-Viru maakond,0044,EE,EE007,Kirde-Eesti,EE0070044,Ida-Viru maakond,EE00700440851,Vaivara vald,0851,0044,0,62,0,0
J§geva vald,0248,J§geva maakond,0049,EE,EE008,L§una-Eesti,EE0080049,Jogeva maakond,EE00800490248,J§geva vald,0248,0049,23,195,0.1179487179,0.1179487179
J§geva linn,0249,J§geva maakond,0049,EE,EE008,L§una-Eesti,EE0080049,Jogeva maakond,EE00800490249,Jogeva linn,0249,0049,0,0,0,-9999
Mustvee linn,0485,J§geva maakond,0049,EE,EE008,L§una-Eesti,EE0080049,Jogeva maakond,EE00800490485,Mustvee linn,0485,0049,0,6,0,0
Pajusi vald,0573,J§geva maakond,0049,EE,EE008,L§una-Eesti,EE0080049,Jogeva maakond,EE00800490573,Pajusi vald,0573,0049,2,39,0.0512820513,0.0512820513
Pala vald,0576,J§geva maakond,0049,EE,EE008,L§una-Eesti,EE0080049,Jogeva maakond,EE00800490576,Pala vald,0576,0049,2,42,0.0476190476,0.0476190476
Palamuse vald,0578,J§geva maakond,0049,EE,EE008,L§una-Eesti,EE0080049,Jogeva maakond,EE00800490578,Palamuse vald,0578,0049,7,240,0.0291666667,0.0291666667
Puurmani vald,0611,J§geva maakond,0049,EE,EE008,L§una-Eesti,EE0080049,Jogeva maakond,EE00800490611,Puurmani vald,0611,0049,2,112,0.0178571429,0.0178571429
P§ltsamaa vald,0616,J§geva maakond,0049,EE,EE008,L§una-Eesti,EE0080049,Jogeva maakond,EE00800490616,P§ltsamaa vald,0616,0049,2,61,0.0327868852,0.0327868852
P§ltsamaa linn,0617,J§geva maakond,0049,EE,EE008,L§una-Eesti,EE0080049,Jogeva maakond,EE00800490617,P§ltsamaa linn,0617,0049,0,2,0,0
Kasepõõ vald,0657,J§geva maakond,0049,EE,EE008,L§una-Eesti,EE0080049,Jogeva maakond,EE00800490657,Kasepõõ vald,0657,0049,0,0,0,-9999
Saare vald,0713,J§geva maakond,0049,EE,EE008,L§una-Eesti,EE0080049,Jogeva maakond,EE00800490713,Saare vald,0713,0049,10,190,0.0526315789,0.0526315789
Tabivere vald,0773,J§geva maakond,0049,EE,EE008,L§una-Eesti,EE0080049,Jogeva maakond,EE00800490773,Tabivere vald,0773,0049,2,115,0.0173913043,0.0173913043
Torma vald,0810,J§geva maakond,0049,EE,EE008,L§una-Eesti,EE0080049,Jogeva maakond,EE00800490810,Torma vald,0810,0049,2,168,0.0119047619,0.0119047619
Ahja vald,0117,P§lva maakond,0065,EE,EE008,L§una-Eesti,EE0080065,P§lva maakond,EE00800650117,Ahja vald,0117,0065,12,50,0.24,0.24
Kanepi vald,0285,P§lva maakond,0065,EE,EE008,L§una-Eesti,EE0080065,P§lva maakond,EE00800650285,Kanepi vald,0285,0065,7,26,0.2692307692,0.2692307692
K§lleste vald,0354,P§lva maakond,0065,EE,EE008,L§una-Eesti,EE0080065,P§lva maakond,EE00800650354,K§lleste vald,0354,0065,9,19,0.4736842105,0.4736842105
Laheda vald,0385,P§lva maakond,0065,EE,EE008,L§una-Eesti,EE0080065,P§lva maakond,EE00800650385,Laheda vald,0385,0065,0,26,0,0
Mikitamõe vald,0465,P§lva maakond,0065,EE,EE008,L§una-Eesti,EE0080065,P§lva maakond,EE00800650465,Mikitamõe vald,0465,0065,5,50,0.1,0.1
Mooste vald,0473,P§lva maakond,0065,EE,EE008,L§una-Eesti,EE0080065,P§lva maakond,EE00800650473,Mooste vald,0473,0065,36,166,0.2168674699,0.2168674699
Orava vald,0547,P§lva maakond,0065,EE,EE008,L§una-Eesti,EE0080065,P§lva maakond,EE00800650547,Orava vald,0547,0065,17,86,0.1976744186,0.1976744186
P§lva vald,0621,P§lva maakond,0065,EE,EE008,L§una-Eesti,EE0080065,P§lva maakond,EE00800650621,P§lva vald,0621,0065,9,55,0.1636363636,0.1636363636
Rõpina vald,0707,P§lva maakond,0065,EE,EE008,L§una-Eesti,EE0080065,P§lva maakond,EE00800650707,Rõpina vald,0707,0065,4,189,0.0211640212,0.0211640212
Valgjõrve vald,0856,P§lva maakond,0065,EE,EE008,L§una-Eesti,EE0080065,P§lva maakond,EE00800650856,Valgjõrve vald,0856,0065,1,68,0.0147058824,0.0147058824
Vastse-Kuuste vald,0872,P§lva maakond,0065,EE,EE008,L§una-Eesti,EE0080065,P§lva maakond,EE00800650872,Vastse-Kuuste vald,0872,0065,9,45,0.2,0.2
Veriora vald,0879,P§lva maakond,0065,EE,EE008,L§una-Eesti,EE0080065,P§lva maakond,EE00800650879,Veriora vald,0879,0065,7,202,0.0346534653,0.0346534653
Võrska vald,0934,P§lva maakond,0065,EE,EE008,L§una-Eesti,EE0080065,P§lva maakond,EE00800650934,Võrska vald,0934,0065,2,90,0.0222222222,0.0222222222
Alatskivi vald,0126,Tartu maakond,0078,EE,EE008,L§una-Eesti,EE0080078,Tartu maakond,EE00800780126,Alatskivi vald,0126,0078,10,53,0.1886792453,0.1886792453
Elva linn,0170,Tartu maakond,0078,EE,EE008,L§una-Eesti,EE0080078,Tartu maakond,EE00800780170,Elva linn,0170,0078,0,0,0,-9999
Haaslava vald,0185,Tartu maakond,0078,EE,EE008,L§una-Eesti,EE0080078,Tartu maakond,EE00800780185,Haaslava vald,0185,0078,0,24,0,0
Kallaste linn,0279,Tartu maakond,0078,EE,EE008,L§una-Eesti,EE0080078,Tartu maakond,EE00800780279,Kallaste linn,0279,0078,0,0,0,-9999
Kambja vald,0282,Tartu maakond,0078,EE,EE008,L§una-Eesti,EE0080078,Tartu maakond,EE00800780282,Kambja vald,0282,0078,24,91,0.2637362637,0.2637362637
Konguta vald,0331,Tartu maakond,0078,EE,EE008,L§una-Eesti,EE0080078,Tartu maakond,EE00800780331,Konguta vald,0331,0078,3,4,0.75,0.75
Laeva vald,0383,Tartu maakond,0078,EE,EE008,L§una-Eesti,EE0080078,Tartu maakond,EE00800780383,Laeva vald,0383,0078,9,100,0.09,0.09
Luunja vald,0432,Tartu maakond,0078,EE,EE008,L§una-Eesti,EE0080078,Tartu maakond,EE00800780432,Luunja vald,0432,0078,0,22,0,0
Meeksi vald,0454,Tartu maakond,0078,EE,EE008,L§una-Eesti,EE0080078,Tartu maakond,EE00800780454,Meeksi vald,0454,0078,7,120,0.0583333333,0.0583333333
Mõksa vald,0501,Tartu maakond,0078,EE,EE008,L§una-Eesti,EE0080078,Tartu maakond,EE00800780501,Mõksa vald,0501,0078,2,30,0.0666666667,0.0666666667
N§o vald,0528,Tartu maakond,0078,EE,EE008,L§una-Eesti,EE0080078,Tartu maakond,EE00800780528,N§o vald,0528,0078,5,38,0.1315789474,0.1315789474
Peipsiõõre vald,0587,Tartu maakond,0078,EE,EE008,L§una-Eesti,EE0080078,Tartu maakond,EE00800780587,Peipsiõõre vald,0587,0078,1,5,0.2,0.2
Piirissaare vald,0595,Tartu maakond,0078,EE,EE008,L§una-Eesti,EE0080078,Tartu maakond,EE00800780595,Piirissaare vald,0595,0078,0,6,0,0
Puhja vald,0605,Tartu maakond,0078,EE,EE008,L§una-Eesti,EE0080078,Tartu maakond,EE00800780605,Puhja vald,0605,0078,2,14,0.1428571429,0.1428571429
Rannu vald,0666,Tartu maakond,0078,EE,EE008,L§una-Eesti,EE0080078,Tartu maakond,EE00800780666,Rannu vald,0666,0078,16,27,0.5925925926,0.5925925926
R§ngu vald,0694,Tartu maakond,0078,EE,EE008,L§una-Eesti,EE0080078,Tartu maakond,EE00800780694,R§ngu vald,0694,0078,3,8,0.375,0.375
Tartu vald,0794,Tartu maakond,0078,EE,EE008,L§una-Eesti,EE0080078,Tartu maakond,EE00800780794,Tartu vald,0794,0078,6,85,0.0705882353,0.0705882353
Tartu linn,0795,Tartu maakond,0078,EE,EE008,L§una-Eesti,EE0080078,Tartu maakond,EE00800780795,Tartu linn,0795,0078,0,0,0,-9999
Tõhtvere vald,0831,Tartu maakond,0078,EE,EE008,L§una-Eesti,EE0080078,Tartu maakond,EE00800780831,Tõhtvere vald,0831,0078,3,96,0.03125,0.03125
Vara vald,0861,Tartu maakond,0078,EE,EE008,L§una-Eesti,EE0080078,Tartu maakond,EE00800780861,Vara vald,0861,0078,9,148,0.0608108108,0.0608108108
V§nnu vald,0915,Tartu maakond,0078,EE,EE008,L§una-Eesti,EE0080078,Tartu maakond,EE00800780915,V§nnu vald,0915,0078,4,34,0.1176470588,0.1176470588
▄lenurme vald,0949,Tartu maakond,0078,EE,EE008,L§una-Eesti,EE0080078,Tartu maakond,EE00800780949,▄lenurme vald,0949,0078,2,8,0.25,0.25
Helme vald,0203,Valga maakond,0082,EE,EE008,L§una-Eesti,EE0080082,Valga maakond,EE00800820203,Helme vald,0203,0082,0,38,0,0
Hummuli vald,0208,Valga maakond,0082,EE,EE008,L§una-Eesti,EE0080082,Valga maakond,EE00800820208,Hummuli vald,0208,0082,0,0,0,-9999
Karula vald,0289,Valga maakond,0082,EE,EE008,L§una-Eesti,EE0080082,Valga maakond,EE00800820289,Karula vald,0289,0082,0,8,0,0
Palupera vald,0582,Valga maakond,0082,EE,EE008,L§una-Eesti,EE0080082,Valga maakond,EE00800820582,Palupera vald,0582,0082,2,20,0.1,0.1
Puka vald,0608,Valga maakond,0082,EE,EE008,L§una-Eesti,EE0080082,Valga maakond,EE00800820608,Puka vald,0608,0082,0,38,0,0
P§drala vald,0613,Valga maakond,0082,EE,EE008,L§una-Eesti,EE0080082,Valga maakond,EE00800820613,P§drala vald,0613,0082,0,4,0,0
Otepõõ vald,0636,Valga maakond,0082,EE,EE008,L§una-Eesti,EE0080082,Valga maakond,EE00800820636,Otepõõ vald,0636,0082,5,28,0.1785714286,0.1785714286
Sangaste vald,0724,Valga maakond,0082,EE,EE008,L§una-Eesti,EE0080082,Valga maakond,EE00800820724,Sangaste vald,0724,0082,0,10,0,0
Taheva vald,0779,Valga maakond,0082,EE,EE008,L§una-Eesti,EE0080082,Valga maakond,EE00800820779,Taheva vald,0779,0082,0,17,0,0
T§lliste vald,0820,Valga maakond,0082,EE,EE008,L§una-Eesti,EE0080082,Valga maakond,EE00800820820,T§lliste vald,0820,0082,1,28,0.0357142857,0.0357142857
T§rva linn,0823,Valga maakond,0082,EE,EE008,L§una-Eesti,EE0080082,Valga maakond,EE00800820823,T§rva linn,0823,0082,0,0,0,-9999
Valga linn,0854,Valga maakond,0082,EE,EE008,L§una-Eesti,EE0080082,Valga maakond,EE00800820854,Valga linn,0854,0082,0,0,0,-9999
ıru vald,0943,Valga maakond,0082,EE,EE008,L§una-Eesti,EE0080082,Valga maakond,EE00800820943,ıru vald,0943,0082,0,2,0,0
Abja vald,0105,Viljandi maakond,0084,EE,EE008,L§una-Eesti,EE0080084,Viljandi maakond,EE00800840105,Abja vald,0105,0084,2,122,0.0163934426,0.0163934426
Halliste vald,0192,Viljandi maakond,0084,EE,EE008,L§una-Eesti,EE0080084,Viljandi maakond,EE00800840192,Halliste vald,0192,0084,3,54,0.0555555556,0.0555555556
Kolga-Jaani vald,0328,Viljandi maakond,0084,EE,EE008,L§una-Eesti,EE0080084,Viljandi maakond,EE00800840328,Kolga-Jaani vald,0328,0084,3,34,0.0882352941,0.0882352941
K§o vald,0357,Viljandi maakond,0084,EE,EE008,L§una-Eesti,EE0080084,Viljandi maakond,EE00800840357,K§o vald,0357,0084,7,88,0.0795454545,0.0795454545
K§pu vald,0360,Viljandi maakond,0084,EE,EE008,L§una-Eesti,EE0080084,Viljandi maakond,EE00800840360,K§pu vald,0360,0084,0,38,0,0
M§isak³la linn,0490,Viljandi maakond,0084,EE,EE008,L§una-Eesti,EE0080084,Viljandi maakond,EE00800840490,M§isak³la linn,0490,0084,0,0,0,-9999
Karksi vald,0600,Viljandi maakond,0084,EE,EE008,L§una-Eesti,EE0080084,Viljandi maakond,EE00800840600,Karksi vald,0600,0084,0,50,0,0
Suure-Jaani vald,0758,Viljandi maakond,0084,EE,EE008,L§una-Eesti,EE0080084,Viljandi maakond,EE00800840758,Suure-Jaani vald,0758,0084,6,179,0.0335195531,0.0335195531
Tarvastu vald,0797,Viljandi maakond,0084,EE,EE008,L§una-Eesti,EE0080084,Viljandi maakond,EE00800840797,Tarvastu vald,0797,0084,1,9,0.1111111111,0.1111111111
Viljandi linn,0897,Viljandi maakond,0084,EE,EE008,L§una-Eesti,EE0080084,Viljandi maakond,EE00800840897,Viljandi linn,0897,0084,0,0,0,-9999
Viljandi vald,0898,Viljandi maakond,0084,EE,EE008,L§una-Eesti,EE0080084,Viljandi maakond,EE00800840898,Viljandi vald,0898,0084,2,108,0.0185185185,0.0185185185
V§hma linn,0912,Viljandi maakond,0084,EE,EE008,L§una-Eesti,EE0080084,Viljandi maakond,EE00800840912,V§hma linn,0912,0084,0,0,0,-9999
Antsla vald,0143,V§ru maakond,0086,EE,EE008,L§una-Eesti,EE0080086,V§ru maakond,EE00800860143,Antsla vald,0143,0086,3,69,0.0434782609,0.0434782609
Haanja vald,0181,V§ru maakond,0086,EE,EE008,L§una-Eesti,EE0080086,V§ru maakond,EE00800860181,Haanja vald,0181,0086,4,62,0.064516129,0.064516129
Lasva vald,0389,V§ru maakond,0086,EE,EE008,L§una-Eesti,EE0080086,V§ru maakond,EE00800860389,Lasva vald,0389,0086,0,56,0,0
Meremõe vald,0460,V§ru maakond,0086,EE,EE008,L§una-Eesti,EE0080086,V§ru maakond,EE00800860460,Meremõe vald,0460,0086,4,68,0.0588235294,0.0588235294
Misso vald,0468,V§ru maakond,0086,EE,EE008,L§una-Eesti,EE0080086,V§ru maakond,EE00800860468,Misso vald,0468,0086,4,134,0.0298507463,0.0298507463
M§niste vald,0493,V§ru maakond,0086,EE,EE008,L§una-Eesti,EE0080086,V§ru maakond,EE00800860493,M§niste vald,0493,0086,2,32,0.0625,0.0625
R§uge vald,0697,V§ru maakond,0086,EE,EE008,L§una-Eesti,EE0080086,V§ru maakond,EE00800860697,R§uge vald,0697,0086,2,53,0.0377358491,0.0377358491
S§merpalu vald,0767,V§ru maakond,0086,EE,EE008,L§una-Eesti,EE0080086,V§ru maakond,EE00800860767,S§merpalu vald,0767,0086,0,36,0,0
Urvaste vald,0843,V§ru maakond,0086,EE,EE008,L§una-Eesti,EE0080086,V§ru maakond,EE00800860843,Urvaste vald,0843,0086,15,47,0.3191489362,0.3191489362
Varstu vald,0865,V§ru maakond,0086,EE,EE008,L§una-Eesti,EE0080086,V§ru maakond,EE00800860865,Varstu vald,0865,0086,0,14,0,0
Vastseliina vald,0874,V§ru maakond,0086,EE,EE008,L§una-Eesti,EE0080086,V§ru maakond,EE00800860874,Vastseliina vald,0874,0086,3,112,0.0267857143,0.0267857143
V§ru vald,0918,V§ru maakond,0086,EE,EE008,L§una-Eesti,EE0080086,V§ru maakond,EE00800860918,V§ru vald,0918,0086,0,34,0,0
V§ru linn,0919,V§ru maakond,0086,EE,EE008,L§una-Eesti,EE0080086,V§ru maakond,EE00800860919,V§ru linn,0919,0086,0,0,0,-9999
